{
  "project_info": {
    "project_number": "870451312929",
    "firebase_url": "https://yamyah-926b2.firebaseio.com",
    "project_id": "yamyah-926b2",
    "storage_bucket": "yamyah-926b2.appspot.com"
  },
  "client": [
    {
      "client_info": {
        "mobilesdk_app_id": "1:870451312929:android:590050ea9f9f3cbf",
        "android_client_info": {
          "package_name": "com.example.suni"
        }
      },
      "oauth_client": [
        {
          "client_id": "870451312929-d7rescrmo33963hkbtdked9o6vp4qej6.apps.googleusercontent.com",
          "client_type": 1,
          "android_info": {
            "package_name": "com.example.suni",
            "certificate_hash": "07b061dbf4dc488b622a3c3dca3e41008ec8184d"
          }
        },
        {
          "client_id": "870451312929-270sq5a2aci94rfg8av100n727s4hd7v.apps.googleusercontent.com",
          "client_type": 3
        }
      ],
      "api_key": [
        {
          "current_key": "AIzaSyAlefNl8_NVks6z9RKh-OU18WtaJX1YBiA"
        }
      ],
      "services": {
        "analytics_service": {
          "status": 1
        },
        "appinvite_service": {
          "status": 2,
          "other_platform_oauth_client": [
            {
              "client_id": "870451312929-270sq5a2aci94rfg8av100n727s4hd7v.apps.googleusercontent.com",
              "client_type": 3
            }
          ]
        },
        "ads_service": {
          "status": 2
        }
      }
    }
  ],
  "configuration_version": "1"
}